{
	"providers": {
		"awscloudformation": {
			"AuthRoleName": "amplify-flingphone-env-173331-authRole",
			"UnauthRoleArn": "arn:aws:iam::940823358150:role/amplify-flingphone-env-173331-unauthRole",
			"AuthRoleArn": "arn:aws:iam::940823358150:role/amplify-flingphone-env-173331-authRole",
			"Region": "us-east-1",
			"DeploymentBucketName": "amplify-flingphone-env-173331-deployment",
			"UnauthRoleName": "amplify-flingphone-env-173331-unauthRole",
			"StackName": "amplify-flingphone-env-173331",
			"StackId": "arn:aws:cloudformation:us-east-1:940823358150:stack/amplify-flingphone-env-173331/8cf7e580-34db-11ea-90b6-12b6a099270b",
			"AmplifyAppId": "ddifur2kzww8g"
		}
	},
	"auth": {
		"flingphone32921805": {
			"service": "Cognito",
			"providerPlugin": "awscloudformation",
			"dependsOn": [],
			"providerMetadata": {
				"s3TemplateURL": "https://s3.amazonaws.com/amplify-flingphone-env-173331-deployment/amplify-cfn-templates/auth/flingphone32921805-cloudformation-template.yml",
				"logicalId": "authflingphone32921805"
			},
			"lastPushTimeStamp": "2020-01-12T01:38:44.775Z",
			"output": {
				"AppClientSecret": "83m8v59h5i93kuvpeutg49eea4mdoaclho4aoeafsvk5oepsmt1",
				"UserPoolId": "us-east-1_c5iBl3aNh",
				"AppClientIDWeb": "2toiq7ipvlu65477sff4nbb5a6",
				"AppClientID": "6l85r7qf7elod87bjdr9ongg8b",
				"IdentityPoolId": "us-east-1:4c923b80-f821-439f-92c6-69e63afc8366",
				"IdentityPoolName": "flingphone32921805_identitypool_32921805__env",
				"UserPoolName": "flingphone32921805_userpool_32921805"
			},
			"lastPushDirHash": "TM9OPmTsiaipKX4yXJ+tjbjOkVw="
		}
	},
	"storage": {
		"ScreenshotStorage": {
			"service": "S3",
			"providerPlugin": "awscloudformation",
			"providerMetadata": {
				"s3TemplateURL": "https://s3.amazonaws.com/amplify-flingphone-env-173331-deployment/amplify-cfn-templates/storage/s3-cloudformation-template.json",
				"logicalId": "storageScreenshotStorage"
			},
			"lastPushTimeStamp": "2020-01-12T01:38:44.775Z",
			"output": {
				"BucketName": "flingphonebucket173331-env",
				"Region": "us-east-1"
			},
			"lastPushDirHash": "jLjagAXODmJat03Yie9CKArWb5k="
		}
	}
}