{
    "bucketName": "flingphonebucket",
    "authPolicyName": "s3_amplify_90bad517",
    "unauthPolicyName": "s3_amplify_90bad517",
    "authRoleName": {
        "Ref": "AuthRoleName"
    },
    "unauthRoleName": {
        "Ref": "UnauthRoleName"
    },
    "selectedGuestPermissions": [
        "s3:PutObject",
        "s3:GetObject",
        "s3:ListBucket"
    ],
    "selectedAuthenticatedPermissions": [
        "s3:PutObject",
        "s3:GetObject",
        "s3:ListBucket"
    ],
    "s3PermissionsAuthenticatedPublic": "s3:PutObject,s3:GetObject",
    "s3PublicPolicy": "Public_policy_8bd5c35c",
    "s3PermissionsAuthenticatedUploads": "s3:PutObject",
    "s3UploadsPolicy": "Uploads_policy_8bd5c35c",
    "s3PermissionsAuthenticatedProtected": "s3:PutObject,s3:GetObject",
    "s3ProtectedPolicy": "Protected_policy_5ef20a81",
    "s3PermissionsAuthenticatedPrivate": "s3:PutObject,s3:GetObject",
    "s3PrivatePolicy": "Private_policy_5ef20a81",
    "AuthenticatedAllowList": "ALLOW",
    "s3ReadPolicy": "read_policy_8bd5c35c",
    "s3PermissionsGuestPublic": "s3:PutObject,s3:GetObject",
    "s3PermissionsGuestUploads": "s3:PutObject",
    "GuestAllowList": "ALLOW",
    "triggerFunction": "NONE"
}