{
    "env": {
        "awscloudformation": {
            "AuthRoleName": "amplify-flingphone-env-173331-authRole",
            "UnauthRoleArn": "arn:aws:iam::940823358150:role/amplify-flingphone-env-173331-unauthRole",
            "AuthRoleArn": "arn:aws:iam::940823358150:role/amplify-flingphone-env-173331-authRole",
            "Region": "us-east-1",
            "DeploymentBucketName": "amplify-flingphone-env-173331-deployment",
            "UnauthRoleName": "amplify-flingphone-env-173331-unauthRole",
            "StackName": "amplify-flingphone-env-173331",
            "StackId": "arn:aws:cloudformation:us-east-1:940823358150:stack/amplify-flingphone-env-173331/8cf7e580-34db-11ea-90b6-12b6a099270b",
            "AmplifyAppId": "ddifur2kzww8g"
        },
        "categories": {
            "auth": {
                "flingphone32921805": {}
            }
        }
    }
}