{
    "UserAgent": "aws-amplify-cli/0.1.0",
    "Version": "0.1.0",
    "IdentityManager": {
        "Default": {}
    },
    "CredentialsProvider": {
        "CognitoIdentity": {
            "Default": {
                "PoolId": "us-east-1:4c923b80-f821-439f-92c6-69e63afc8366",
                "Region": "us-east-1"
            }
        }
    },
    "CognitoUserPool": {
        "Default": {
            "PoolId": "us-east-1_c5iBl3aNh",
            "AppClientId": "6l85r7qf7elod87bjdr9ongg8b",
            "AppClientSecret": "83m8v59h5i93kuvpeutg49eea4mdoaclho4aoeafsvk5oepsmt1",
            "Region": "us-east-1"
        }
    },
    "Auth": {
        "Default": {
            "authenticationFlowType": "USER_SRP_AUTH"
        }
    },
    "S3TransferUtility": {
        "Default": {
            "Bucket": "flingphonebucket173331-env",
            "Region": "us-east-1"
        }
    }
}